"rt","stimulus","button_pressed","trial_type","trial_index","time_elapsed","internal_node_id","OrderEx","Gender","ProlificID","Q0","Q1","Q2","Q3","Q4","Q5","Q6","Q7","Q8","Q9","Q10","Q11","Q12","Q13","Q14","Q15","Q16","Q17","Q18","attentionCheck","attCheck2Choice","attCheck2Text","dominantHand","Age","comments","responses","test_part","user_agent","success","choice","x_cord","y_cord","time_cord","first_movement_time","trajectory","trial_num","Left_option","Right_option","key_press"
"13026","<p style='word-wrap: break-word; margin-left:100px;         margin-right:100px; font-size: 19px; text-align:center;'>        Welcome!In this study, you will complete a questionnaire and a decision making task.<b>Please complete this task using a computer mouse and not a trackpad.</b> On the next page you will be presented with a general consent form before continuing on to the study.</p>","","html-button-response","0","13038","0.0-0.0","First_First","Female","599442e6bf8bcf0001ab6857","","2","3","2","3","2","3","3","4","3","3","2","3","4","3","3","3","3","2","To choose between shapes","","Yes","Right handed","26","","","","","","","","","","","","","","",""
"22741","","","survey-multi-choice","1","35787","0.0-1.0","First_First","Female","599442e6bf8bcf0001ab6857","","2","3","2","3","2","3","3","4","3","3","2","3","4","3","3","3","3","2","To choose between shapes","","Yes","Right handed","26","","{""Q0"":""Yes""}","consent","","","","","","","","","","","",""
"7738","","","survey-multi-choice","2","43530","0.0-3.0","First_First","Female","599442e6bf8bcf0001ab6857","","2","3","2","3","2","3","3","4","3","3","2","3","4","3","3","3","3","2","To choose between shapes","","Yes","Right handed","26","","{""Q0"":""Yes""}","Mouse Indication","","","","","","","","","","","",""
"11826","","","survey-text","3","55363","0.0-5.0","First_First","Female","599442e6bf8bcf0001ab6857","","2","3","2","3","2","3","3","4","3","3","2","3","4","3","3","3","3","2","To choose between shapes","","Yes","Right handed","26","","{""Q0"":""599442e6bf8bcf0001ab6857""}","prolific","Mozilla/5.0 (Linux; Android 10; K) AppleWebKit/537.36 (KHTML, like Gecko) Chrome/131.0.0.0 Safari/537.36","","","","","","","","","","",""
"","","","fullscreen","4","62580","0.0-6.0","First_First","Female","599442e6bf8bcf0001ab6857","","2","3","2","3","2","3","3","4","3","3","2","3","4","3","3","3","3","2","To choose between shapes","","Yes","Right handed","26","","","","","true","","","","","","","","","",""
"119119","","","survey-likert","5","181734","0.0-7.0","First_First","Female","599442e6bf8bcf0001ab6857","","2","3","2","3","2","3","3","4","3","3","2","3","4","3","3","3","3","2","To choose between shapes","","Yes","Right handed","26","","","","","","","","","","","","","","",""
"26075","<div style=""display: flex; flex-direction: column; justify-content: center;""><div>Please read the following instructions carefully.In this study we are interested in how people make various types of decisions. During each trial of the study, you will be presented with two shapes. In each trial we will ask you to choose which of the two shapes you prefer, using your mouse cursor. There are various possible criteria for selecting the shapes. Note that there are no right or wrong answers, so please decide according to your preferences.   Here is an example of the shapes you might see:</div><div style=""text-align: center; flex-grow: 1;""><svg preserveAspectRatio=""xMidYMid meet"" xmlns=""http://www.w3.org/2000/svg"" xmlns:xlink=""http://www.w3.org/1999/xlink"" viewBox=""0 0 768 576"" style=""max-width: 400px; width:95%; max-height: 95vh; margin: auto;"">    <rect height=""576"" width=""768"" style=""height: 576px; width: 768px; fill: rgb(255,255,255); stroke-width:7px;stroke:rgb(0,0,0)""></rect>    <foreignObject x=""0"" y=""80"" width=""768px"" height=""300"">        <div>            <div style=""float: left; margin-left: 2%; ""><img src =""stim/13.png"" style = ""height: 250px; width: auto;""></div>            <div style=""float: right; margin-right: 2%;""><img src =""stim/14.png""style = ""height: 250px; width: auto;""></div>        </div>    </foreignObject></svg></div><p style=""position: relative; margin-top: 5px""></p>Press the button below to continue.</div>","0","html-button-response","6","207817","0.0-8.0","First_First","Female","599442e6bf8bcf0001ab6857","","2","3","2","3","2","3","3","4","3","3","2","3","4","3","3","3","3","2","To choose between shapes","","Yes","Right handed","26","","","instructions","","","","","","","","","","","",""
"16127","<div style=""font-size: 22px;""> You will make the decisions using the computer mouse.<b>Please start moving the cursor immediately after the options are displayed, even if you are not yet fully certain of your decision.</b>Before you begin the actual task, you will do a few practice decisions.","0","html-button-response","7","223946","0.0-9.0","First_First","Female","599442e6bf8bcf0001ab6857","","2","3","2","3","2","3","3","4","3","3","2","3","4","3","3","3","3","2","To choose between shapes","","Yes","Right handed","26","","","instructions","","","","","","","","","","","",""
"2746","","0","html-button-response","8","226694","0.0-10.0","First_First","Female","599442e6bf8bcf0001ab6857","","2","3","2","3","2","3","3","4","3","3","2","3","4","3","3","3","3","2","To choose between shapes","","Yes","Right handed","26","","","","","","","","","","","","","","",""
"2575.5","stim/13.png,stim/14.png","","cta-radio","9","229278","0.0-11.0-0.0-1.0","First_First","Female","599442e6bf8bcf0001ab6857","","2","3","2","3","2","3","3","4","3","3","2","3","4","3","3","3","3","2","To choose between shapes","","Yes","Right handed","26","","","trial","","","stim/14.png","1018","285","1734513252513","235346.20000001788","observable","0","stim/13.png","stim/14.png",""
"null","<font size=""+3"">Please start moving the cursor sooner, even if you are not yet fully certain of your decision.</font>","","html-keyboard-response","10","233385","0.0-11.0-0.0-2.0","First_First","Female","599442e6bf8bcf0001ab6857","","2","3","2","3","2","3","3","4","3","3","2","3","4","3","3","3","3","2","To choose between shapes","","Yes","Right handed","26","","","fixationMouse","","","","","","","","","","","","null"
"1177","","0","html-button-response","11","235072","0.0-11.0-0.0-3.0","First_First","Female","599442e6bf8bcf0001ab6857","","2","3","2","3","2","3","3","4","3","3","2","3","4","3","3","3","3","2","To choose between shapes","","Yes","Right handed","26","","","","","","","","","","","","","","",""
"2821.0999999940395","stim/16.png,stim/15.png","","cta-radio","12","237900","0.0-11.1-0.1-1.1","First_First","Female","599442e6bf8bcf0001ab6857","","2","3","2","3","2","3","3","4","3","3","2","3","4","3","3","3","3","2","To choose between shapes","","Yes","Right handed","26","","","trial","","","stim/15.png","1041","305","1734513261141","243974.20000001788","observable","1","stim/16.png","stim/15.png",""
"null","<font size=""+3"">Please start moving the cursor sooner, even if you are not yet fully certain of your decision.</font>","","html-keyboard-response","13","242005","0.0-11.1-0.1-2.1","First_First","Female","599442e6bf8bcf0001ab6857","","2","3","2","3","2","3","3","4","3","3","2","3","4","3","3","3","3","2","To choose between shapes","","Yes","Right handed","26","","","fixationMouse","","","","","","","","","","","","null"
"903","","0","html-button-response","14","243414","0.0-11.1-0.1-3.1","First_First","Female","599442e6bf8bcf0001ab6857","","2","3","2","3","2","3","3","4","3","3","2","3","4","3","3","3","3","2","To choose between shapes","","Yes","Right handed","26","","","","","","","","","","","","","","",""
"2004","You are now ready to begin the task.","0","html-button-response","15","245420","0.0-12.0","First_First","Female","599442e6bf8bcf0001ab6857","","2","3","2","3","2","3","3","4","3","3","2","3","4","3","3","3","3","2","To choose between shapes","","Yes","Right handed","26","","","[object Object]","","","","","","","","","","","",""
"925","","0","html-button-response","16","246348","0.0-13.0","First_First","Female","599442e6bf8bcf0001ab6857","","2","3","2","3","2","3","3","4","3","3","2","3","4","3","3","3","3","2","To choose between shapes","","Yes","Right handed","26","","","","","","","","","","","","","","",""
"429","stim/6.png,stim/4.png","","cta-radio","17","246780","0.0-14.0-0.0-1.0","First_First","Female","599442e6bf8bcf0001ab6857","","2","3","2","3","2","3","3","4","3","3","2","3","4","3","3","3","3","2","To choose between shapes","","Yes","Right handed","26","","","trial","","","stim/4.png","1006","324","1734513270022","252855","observable","0","stim/6.png","stim/4.png",""
"null","","","html-keyboard-response","18","246882","0.0-14.0-0.0-2.0","First_First","Female","599442e6bf8bcf0001ab6857","","2","3","2","3","2","3","3","4","3","3","2","3","4","3","3","3","3","2","To choose between shapes","","Yes","Right handed","26","","","fixationMouse","","","","","","","","","","","","null"
"1579","","0","html-button-response","19","248965","0.0-14.0-0.0-3.0","First_First","Female","599442e6bf8bcf0001ab6857","","2","3","2","3","2","3","3","4","3","3","2","3","4","3","3","3","3","2","To choose between shapes","","Yes","Right handed","26","","","","","","","","","","","","","","",""
"1072.300000011921","stim/11.png,stim/8.png","","cta-radio","20","250041","0.0-14.1-0.1-1.1","First_First","Female","599442e6bf8bcf0001ab6857","","2","3","2","3","2","3","3","4","3","3","2","3","4","3","3","3","3","2","To choose between shapes","","Yes","Right handed","26","","","trial","","","stim/11.png","396","256","1734513273284","256117.09999999404","observable","1","stim/11.png","stim/8.png",""
"null","<font size=""+3"">Please start moving the cursor sooner, even if you are not yet fully certain of your decision.</font>","","html-keyboard-response","21","254145","0.0-14.1-0.1-2.1","First_First","Female","599442e6bf8bcf0001ab6857","","2","3","2","3","2","3","3","4","3","3","2","3","4","3","3","3","3","2","To choose between shapes","","Yes","Right handed","26","","","fixationMouse","","","","","","","","","","","","null"
"717","","0","html-button-response","22","255370","0.0-14.1-0.1-3.1","First_First","Female","599442e6bf8bcf0001ab6857","","2","3","2","3","2","3","3","4","3","3","2","3","4","3","3","3","3","2","To choose between shapes","","Yes","Right handed","26","","","","","","","","","","","","","","",""
"1432.800000011921","stim/6.png,stim/3.png","","cta-radio","23","256806","0.0-14.2-0.2-1.2","First_First","Female","599442e6bf8bcf0001ab6857","","2","3","2","3","2","3","3","4","3","3","2","3","4","3","3","3","3","2","To choose between shapes","","Yes","Right handed","26","","","trial","","","stim/6.png","406","281","1734513280048","262881.2000000179","observable","2","stim/6.png","stim/3.png",""
"null","<font size=""+3"">Please start moving the cursor sooner, even if you are not yet fully certain of your decision.</font>","","html-keyboard-response","24","260922","0.0-14.2-0.2-2.2","First_First","Female","599442e6bf8bcf0001ab6857","","2","3","2","3","2","3","3","4","3","3","2","3","4","3","3","3","3","2","To choose between shapes","","Yes","Right handed","26","","","fixationMouse","","","","","","","","","","","","null"
"724","","0","html-button-response","25","262149","0.0-14.2-0.2-3.2","First_First","Female","599442e6bf8bcf0001ab6857","","2","3","2","3","2","3","3","4","3","3","2","3","4","3","3","3","3","2","To choose between shapes","","Yes","Right handed","26","","","","","","","","","","","","","","",""
"306.30000001192093","stim/4.png,stim/10.png","","cta-radio","26","262460","0.0-14.3-0.3-1.3","First_First","Female","599442e6bf8bcf0001ab6857","","2","3","2","3","2","3","3","4","3","3","2","3","4","3","3","3","3","2","To choose between shapes","","Yes","Right handed","26","","","trial","","","stim/4.png","430","270","1734513285702","268535.3000000119","observable","3","stim/4.png","stim/10.png",""
"null","","","html-keyboard-response","27","262563","0.0-14.3-0.3-2.3","First_First","Female","599442e6bf8bcf0001ab6857","","2","3","2","3","2","3","3","4","3","3","2","3","4","3","3","3","3","2","To choose between shapes","","Yes","Right handed","26","","","fixationMouse","","","","","","","","","","","","null"
"1242","","0","html-button-response","28","264310","0.0-14.3-0.3-3.3","First_First","Female","599442e6bf8bcf0001ab6857","","2","3","2","3","2","3","3","4","3","3","2","3","4","3","3","3","3","2","To choose between shapes","","Yes","Right handed","26","","","","","","","","","","","","","","",""
"301.90000000596046","stim/9.png,stim/7.png","","cta-radio","29","264618","0.0-14.4-0.4-1.4","First_First","Female","599442e6bf8bcf0001ab6857","","2","3","2","3","2","3","3","4","3","3","2","3","4","3","3","3","3","2","To choose between shapes","","Yes","Right handed","26","","","trial","","","stim/7.png","993","292","1734513287859","270691.90000000596","observable","4","stim/9.png","stim/7.png",""
"null","","","html-keyboard-response","30","264720","0.0-14.4-0.4-2.4","First_First","Female","599442e6bf8bcf0001ab6857","","2","3","2","3","2","3","3","4","3","3","2","3","4","3","3","3","3","2","To choose between shapes","","Yes","Right handed","26","","","fixationMouse","","","","","","","","","","","","null"
"1241","","0","html-button-response","31","266464","0.0-14.4-0.4-3.4","First_First","Female","599442e6bf8bcf0001ab6857","","2","3","2","3","2","3","3","4","3","3","2","3","4","3","3","3","3","2","To choose between shapes","","Yes","Right handed","26","","","","","","","","","","","","","","",""
"251.90000000596046","stim/6.png,stim/12.png","","cta-radio","32","266720","0.0-14.5-0.5-1.5","First_First","Female","599442e6bf8bcf0001ab6857","","2","3","2","3","2","3","3","4","3","3","2","3","4","3","3","3","3","2","To choose between shapes","","Yes","Right handed","26","","","trial","","","stim/12.png","1004","278","1734513289964","272797","observable","5","stim/6.png","stim/12.png",""
"null","","","html-keyboard-response","33","266824","0.0-14.5-0.5-2.5","First_First","Female","599442e6bf8bcf0001ab6857","","2","3","2","3","2","3","3","4","3","3","2","3","4","3","3","3","3","2","To choose between shapes","","Yes","Right handed","26","","","fixationMouse","","","","","","","","","","","","null"
"490","","0","html-button-response","34","267828","0.0-14.5-0.5-3.5","First_First","Female","599442e6bf8bcf0001ab6857","","2","3","2","3","2","3","3","4","3","3","2","3","4","3","3","3","3","2","To choose between shapes","","Yes","Right handed","26","","","","","","","","","","","","","","",""
"311.2999999821186","stim/1.png,stim/9.png","","cta-radio","35","268143","0.0-14.6-0.6-1.6","First_First","Female","599442e6bf8bcf0001ab6857","","2","3","2","3","2","3","3","4","3","3","2","3","4","3","3","3","3","2","To choose between shapes","","Yes","Right handed","26","","","trial","","","stim/1.png","432","316","1734513291371","274204.3000000119","observable","6","stim/1.png","stim/9.png",""
"null","","","html-keyboard-response","36","268246","0.0-14.6-0.6-2.6","First_First","Female","599442e6bf8bcf0001ab6857","","2","3","2","3","2","3","3","4","3","3","2","3","4","3","3","3","3","2","To choose between shapes","","Yes","Right handed","26","","","fixationMouse","","","","","","","","","","","","null"
"691","","0","html-button-response","37","269441","0.0-14.6-0.6-3.6","First_First","Female","599442e6bf8bcf0001ab6857","","2","3","2","3","2","3","3","4","3","3","2","3","4","3","3","3","3","2","To choose between shapes","","Yes","Right handed","26","","","","","","","","","","","","","","",""
"294.7999999821186","stim/5.png,stim/1.png","","cta-radio","38","269740","0.0-14.7-0.7-1.7","First_First","Female","599442e6bf8bcf0001ab6857","","2","3","2","3","2","3","3","4","3","3","2","3","4","3","3","3","3","2","To choose between shapes","","Yes","Right handed","26","","","trial","","","stim/1.png","1013","298","1734513292982","275815","observable","7","stim/5.png","stim/1.png",""
"null","","","html-keyboard-response","39","269845","0.0-14.7-0.7-2.7","First_First","Female","599442e6bf8bcf0001ab6857","","2","3","2","3","2","3","3","4","3","3","2","3","4","3","3","3","3","2","To choose between shapes","","Yes","Right handed","26","","","fixationMouse","","","","","","","","","","","","null"
"743","","0","html-button-response","40","271097","0.0-14.7-0.7-3.7","First_First","Female","599442e6bf8bcf0001ab6857","","2","3","2","3","2","3","3","4","3","3","2","3","4","3","3","3","3","2","To choose between shapes","","Yes","Right handed","26","","","","","","","","","","","","","","",""
"286","stim/7.png,stim/2.png","","cta-radio","41","271386","0.0-14.8-0.8-1.8","First_First","Female","599442e6bf8bcf0001ab6857","","2","3","2","3","2","3","3","4","3","3","2","3","4","3","3","3","3","2","To choose between shapes","","Yes","Right handed","26","","","trial","","","stim/2.png","1037","273","1734513294628","277461.40000000596","observable","8","stim/7.png","stim/2.png",""
"null","","","html-keyboard-response","42","271490","0.0-14.8-0.8-2.8","First_First","Female","599442e6bf8bcf0001ab6857","","2","3","2","3","2","3","3","4","3","3","2","3","4","3","3","3","3","2","To choose between shapes","","Yes","Right handed","26","","","fixationMouse","","","","","","","","","","","","null"
"477","","0","html-button-response","43","272469","0.0-14.8-0.8-3.8","First_First","Female","599442e6bf8bcf0001ab6857","","2","3","2","3","2","3","3","4","3","3","2","3","4","3","3","3","3","2","To choose between shapes","","Yes","Right handed","26","","","","","","","","","","","","","","",""
"707.7000000178814","stim/5.png,stim/11.png","","cta-radio","44","273180","0.0-14.9-0.9-1.9","First_First","Female","599442e6bf8bcf0001ab6857","","2","3","2","3","2","3","3","4","3","3","2","3","4","3","3","3","3","2","To choose between shapes","","Yes","Right handed","26","","","trial","","","stim/5.png","412","294","1734513296422","279255.09999999404","observable","9","stim/5.png","stim/11.png",""
"null","","","html-keyboard-response","45","273284","0.0-14.9-0.9-2.9","First_First","Female","599442e6bf8bcf0001ab6857","","2","3","2","3","2","3","3","4","3","3","2","3","4","3","3","3","3","2","To choose between shapes","","Yes","Right handed","26","","","fixationMouse","","","","","","","","","","","","null"
"904","","0","html-button-response","46","274694","0.0-14.9-0.9-3.9","First_First","Female","599442e6bf8bcf0001ab6857","","2","3","2","3","2","3","3","4","3","3","2","3","4","3","3","3","3","2","To choose between shapes","","Yes","Right handed","26","","","","","","","","","","","","","","",""
"682.3000000119209","stim/8.png,stim/2.png","","cta-radio","47","275384","0.0-14.10-0.10-1.10","First_First","Female","599442e6bf8bcf0001ab6857","","2","3","2","3","2","3","3","4","3","3","2","3","4","3","3","3","3","2","To choose between shapes","","Yes","Right handed","26","","","trial","","","stim/2.png","1037","334","1734513298628","281461.3000000119","observable","10","stim/8.png","stim/2.png",""
"null","","","html-keyboard-response","48","275486","0.0-14.10-0.10-2.10","First_First","Female","599442e6bf8bcf0001ab6857","","2","3","2","3","2","3","3","4","3","3","2","3","4","3","3","3","3","2","To choose between shapes","","Yes","Right handed","26","","","fixationMouse","","","","","","","","","","","","null"
"698","","0","html-button-response","49","276687","0.0-14.10-0.10-3.10","First_First","Female","599442e6bf8bcf0001ab6857","","2","3","2","3","2","3","3","4","3","3","2","3","4","3","3","3","3","2","To choose between shapes","","Yes","Right handed","26","","","","","","","","","","","","","","",""
"353.90000000596046","stim/9.png,stim/12.png","","cta-radio","50","277044","0.0-14.11-0.11-1.11","First_First","Female","599442e6bf8bcf0001ab6857","","2","3","2","3","2","3","3","4","3","3","2","3","4","3","3","3","3","2","To choose between shapes","","Yes","Right handed","26","","","trial","","","stim/9.png","452","306","1734513300281","283114.8000000119","observable","11","stim/9.png","stim/12.png",""
"null","","","html-keyboard-response","51","277146","0.0-14.11-0.11-2.11","First_First","Female","599442e6bf8bcf0001ab6857","","2","3","2","3","2","3","3","4","3","3","2","3","4","3","3","3","3","2","To choose between shapes","","Yes","Right handed","26","","","fixationMouse","","","","","","","","","","","","null"
"552","","0","html-button-response","52","278203","0.0-14.11-0.11-3.11","First_First","Female","599442e6bf8bcf0001ab6857","","2","3","2","3","2","3","3","4","3","3","2","3","4","3","3","3","3","2","To choose between shapes","","Yes","Right handed","26","","","","","","","","","","","","","","",""
"317.80000001192093","stim/12.png,stim/4.png","","cta-radio","53","278523","0.0-14.12-0.12-1.12","First_First","Female","599442e6bf8bcf0001ab6857","","2","3","2","3","2","3","3","4","3","3","2","3","4","3","3","3","3","2","To choose between shapes","","Yes","Right handed","26","","","trial","","","stim/12.png","452","290","1734513301766","284599","observable","12","stim/12.png","stim/4.png",""
"null","","","html-keyboard-response","54","278626","0.0-14.12-0.12-2.12","First_First","Female","599442e6bf8bcf0001ab6857","","2","3","2","3","2","3","3","4","3","3","2","3","4","3","3","3","3","2","To choose between shapes","","Yes","Right handed","26","","","fixationMouse","","","","","","","","","","","","null"
"528","","0","html-button-response","55","279665","0.0-14.12-0.12-3.12","First_First","Female","599442e6bf8bcf0001ab6857","","2","3","2","3","2","3","3","4","3","3","2","3","4","3","3","3","3","2","To choose between shapes","","Yes","Right handed","26","","","","","","","","","","","","","","",""
"315.90000000596046","stim/9.png,stim/3.png","","cta-radio","56","279984","0.0-14.13-0.13-1.13","First_First","Female","599442e6bf8bcf0001ab6857","","2","3","2","3","2","3","3","4","3","3","2","3","4","3","3","3","3","2","To choose between shapes","","Yes","Right handed","26","","","trial","","","stim/3.png","1005","289","1734513303229","286062.7000000179","observable","13","stim/9.png","stim/3.png",""
"null","","","html-keyboard-response","57","280086","0.0-14.13-0.13-2.13","First_First","Female","599442e6bf8bcf0001ab6857","","2","3","2","3","2","3","3","4","3","3","2","3","4","3","3","3","3","2","To choose between shapes","","Yes","Right handed","26","","","fixationMouse","","","","","","","","","","","","null"
"749","","0","html-button-response","58","281337","0.0-14.13-0.13-3.13","First_First","Female","599442e6bf8bcf0001ab6857","","2","3","2","3","2","3","3","4","3","3","2","3","4","3","3","3","3","2","To choose between shapes","","Yes","Right handed","26","","","","","","","","","","","","","","",""
"209.2000000178814","stim/10.png,stim/11.png","","cta-radio","59","281551","0.0-14.14-0.14-1.14","First_First","Female","599442e6bf8bcf0001ab6857","","2","3","2","3","2","3","3","4","3","3","2","3","4","3","3","3","3","2","To choose between shapes","","Yes","Right handed","26","","","trial","","","stim/11.png","1026","289","1734513304789","287622.40000000596","observable","14","stim/10.png","stim/11.png",""
"null","","","html-keyboard-response","60","281653","0.0-14.14-0.14-2.14","First_First","Female","599442e6bf8bcf0001ab6857","","2","3","2","3","2","3","3","4","3","3","2","3","4","3","3","3","3","2","To choose between shapes","","Yes","Right handed","26","","","fixationMouse","","","","","","","","","","","","null"
"505","","0","html-button-response","61","282671","0.0-14.14-0.14-3.14","First_First","Female","599442e6bf8bcf0001ab6857","","2","3","2","3","2","3","3","4","3","3","2","3","4","3","3","3","3","2","To choose between shapes","","Yes","Right handed","26","","","","","","","","","","","","","","",""
"300.40000000596046","stim/5.png,stim/3.png","","cta-radio","62","282976","0.0-14.15-0.15-1.15","First_First","Female","599442e6bf8bcf0001ab6857","","2","3","2","3","2","3","3","4","3","3","2","3","4","3","3","3","3","2","To choose between shapes","","Yes","Right handed","26","","","trial","","","stim/3.png","1043","288","1734513306215","289048.7000000179","observable","15","stim/5.png","stim/3.png",""
"null","","","html-keyboard-response","63","283078","0.0-14.15-0.15-2.15","First_First","Female","599442e6bf8bcf0001ab6857","","2","3","2","3","2","3","3","4","3","3","2","3","4","3","3","3","3","2","To choose between shapes","","Yes","Right handed","26","","","fixationMouse","","","","","","","","","","","","null"
"436","","0","html-button-response","64","284017","0.0-14.15-0.15-3.15","First_First","Female","599442e6bf8bcf0001ab6857","","2","3","2","3","2","3","3","4","3","3","2","3","4","3","3","3","3","2","To choose between shapes","","Yes","Right handed","26","","","","","","","","","","","","","","",""
"341.09999999403954","stim/8.png,stim/7.png","","cta-radio","65","284362","0.0-14.16-0.16-1.16","First_First","Female","599442e6bf8bcf0001ab6857","","2","3","2","3","2","3","3","4","3","3","2","3","4","3","3","3","3","2","To choose between shapes","","Yes","Right handed","26","","","trial","","","stim/8.png","422","306","1734513307591","290424.7000000179","observable","16","stim/8.png","stim/7.png",""
"null","","","html-keyboard-response","66","284465","0.0-14.16-0.16-2.16","First_First","Female","599442e6bf8bcf0001ab6857","","2","3","2","3","2","3","3","4","3","3","2","3","4","3","3","3","3","2","To choose between shapes","","Yes","Right handed","26","","","fixationMouse","","","","","","","","","","","","null"
"496","","0","html-button-response","67","285465","0.0-14.16-0.16-3.16","First_First","Female","599442e6bf8bcf0001ab6857","","2","3","2","3","2","3","3","4","3","3","2","3","4","3","3","3","3","2","To choose between shapes","","Yes","Right handed","26","","","","","","","","","","","","","","",""
"258.7000000178814","stim/5.png,stim/7.png","","cta-radio","68","285727","0.0-14.17-0.17-1.17","First_First","Female","599442e6bf8bcf0001ab6857","","2","3","2","3","2","3","3","4","3","3","2","3","4","3","3","3","3","2","To choose between shapes","","Yes","Right handed","26","","","trial","","","stim/5.png","426","300","1734513308970","291802.8000000119","observable","17","stim/5.png","stim/7.png",""
"null","","","html-keyboard-response","69","285830","0.0-14.17-0.17-2.17","First_First","Female","599442e6bf8bcf0001ab6857","","2","3","2","3","2","3","3","4","3","3","2","3","4","3","3","3","3","2","To choose between shapes","","Yes","Right handed","26","","","fixationMouse","","","","","","","","","","","","null"
"504","","0","html-button-response","70","286836","0.0-14.17-0.17-3.17","First_First","Female","599442e6bf8bcf0001ab6857","","2","3","2","3","2","3","3","4","3","3","2","3","4","3","3","3","3","2","To choose between shapes","","Yes","Right handed","26","","","","","","","","","","","","","","",""
"706.6999999880791","stim/3.png,stim/8.png","","cta-radio","71","287546","0.0-14.18-0.18-1.18","First_First","Female","599442e6bf8bcf0001ab6857","","2","3","2","3","2","3","3","4","3","3","2","3","4","3","3","3","3","2","To choose between shapes","","Yes","Right handed","26","","","trial","","","stim/8.png","1021","320","1734513310789","293622.5","observable","18","stim/3.png","stim/8.png",""
"null","","","html-keyboard-response","72","287649","0.0-14.18-0.18-2.18","First_First","Female","599442e6bf8bcf0001ab6857","","2","3","2","3","2","3","3","4","3","3","2","3","4","3","3","3","3","2","To choose between shapes","","Yes","Right handed","26","","","fixationMouse","","","","","","","","","","","","null"
"691","","0","html-button-response","73","288848","0.0-14.18-0.18-3.18","First_First","Female","599442e6bf8bcf0001ab6857","","2","3","2","3","2","3","3","4","3","3","2","3","4","3","3","3","3","2","To choose between shapes","","Yes","Right handed","26","","","","","","","","","","","","","","",""
"193.7999999821186","stim/8.png,stim/5.png","","cta-radio","74","289045","0.0-14.19-0.19-1.19","First_First","Female","599442e6bf8bcf0001ab6857","","2","3","2","3","2","3","3","4","3","3","2","3","4","3","3","3","3","2","To choose between shapes","","Yes","Right handed","26","","","trial","","","stim/5.png","999","300","1734513312290","295123","observable","19","stim/8.png","stim/5.png",""
"null","","","html-keyboard-response","75","289148","0.0-14.19-0.19-2.19","First_First","Female","599442e6bf8bcf0001ab6857","","2","3","2","3","2","3","3","4","3","3","2","3","4","3","3","3","3","2","To choose between shapes","","Yes","Right handed","26","","","fixationMouse","","","","","","","","","","","","null"
"1950","","0","html-button-response","76","291600","0.0-14.19-0.19-3.19","First_First","Female","599442e6bf8bcf0001ab6857","","2","3","2","3","2","3","3","4","3","3","2","3","4","3","3","3","3","2","To choose between shapes","","Yes","Right handed","26","","","","","","","","","","","","","","",""
"175","stim/1.png,stim/10.png","","cta-radio","77","291778","0.0-14.20-0.20-1.20","First_First","Female","599442e6bf8bcf0001ab6857","","2","3","2","3","2","3","3","4","3","3","2","3","4","3","3","3","3","2","To choose between shapes","","Yes","Right handed","26","","","trial","","","stim/1.png","403","278","1734513315021","297854.3000000119","observable","20","stim/1.png","stim/10.png",""
"null","","","html-keyboard-response","78","291882","0.0-14.20-0.20-2.20","First_First","Female","599442e6bf8bcf0001ab6857","","2","3","2","3","2","3","3","4","3","3","2","3","4","3","3","3","3","2","To choose between shapes","","Yes","Right handed","26","","","fixationMouse","","","","","","","","","","","","null"
"1127","","0","html-button-response","79","293512","0.0-14.20-0.20-3.20","First_First","Female","599442e6bf8bcf0001ab6857","","2","3","2","3","2","3","3","4","3","3","2","3","4","3","3","3","3","2","To choose between shapes","","Yes","Right handed","26","","","","","","","","","","","","","","",""
"297.40000000596046","stim/7.png,stim/10.png","","cta-radio","80","293815","0.0-14.21-0.21-1.21","First_First","Female","599442e6bf8bcf0001ab6857","","2","3","2","3","2","3","3","4","3","3","2","3","4","3","3","3","3","2","To choose between shapes","","Yes","Right handed","26","","","trial","","","stim/10.png","1012","285","1734513317047","299880.5","observable","21","stim/7.png","stim/10.png",""
"null","","","html-keyboard-response","81","293917","0.0-14.21-0.21-2.21","First_First","Female","599442e6bf8bcf0001ab6857","","2","3","2","3","2","3","3","4","3","3","2","3","4","3","3","3","3","2","To choose between shapes","","Yes","Right handed","26","","","fixationMouse","","","","","","","","","","","","null"
"655","","0","html-button-response","82","295080","0.0-14.21-0.21-3.21","First_First","Female","599442e6bf8bcf0001ab6857","","2","3","2","3","2","3","3","4","3","3","2","3","4","3","3","3","3","2","To choose between shapes","","Yes","Right handed","26","","","","","","","","","","","","","","",""
"338","stim/11.png,stim/2.png","","cta-radio","83","295421","0.0-14.22-0.22-1.22","First_First","Female","599442e6bf8bcf0001ab6857","","2","3","2","3","2","3","3","4","3","3","2","3","4","3","3","3","3","2","To choose between shapes","","Yes","Right handed","26","","","trial","","","stim/11.png","414","264","1734513318664","301497.8000000119","observable","22","stim/11.png","stim/2.png",""
"null","","","html-keyboard-response","84","295522","0.0-14.22-0.22-2.22","First_First","Female","599442e6bf8bcf0001ab6857","","2","3","2","3","2","3","3","4","3","3","2","3","4","3","3","3","3","2","To choose between shapes","","Yes","Right handed","26","","","fixationMouse","","","","","","","","","","","","null"
"559","","0","html-button-response","85","296585","0.0-14.22-0.22-3.22","First_First","Female","599442e6bf8bcf0001ab6857","","2","3","2","3","2","3","3","4","3","3","2","3","4","3","3","3","3","2","To choose between shapes","","Yes","Right handed","26","","","","","","","","","","","","","","",""
"349.5","stim/5.png,stim/2.png","","cta-radio","86","296938","0.0-14.23-0.23-1.23","First_First","Female","599442e6bf8bcf0001ab6857","","2","3","2","3","2","3","3","4","3","3","2","3","4","3","3","3","3","2","To choose between shapes","","Yes","Right handed","26","","","trial","","","stim/5.png","394","266","1734513320179","303012.3000000119","observable","23","stim/5.png","stim/2.png",""
"null","","","html-keyboard-response","87","297043","0.0-14.23-0.23-2.23","First_First","Female","599442e6bf8bcf0001ab6857","","2","3","2","3","2","3","3","4","3","3","2","3","4","3","3","3","3","2","To choose between shapes","","Yes","Right handed","26","","","fixationMouse","","","","","","","","","","","","null"
"464","","0","html-button-response","88","298015","0.0-14.23-0.23-3.23","First_First","Female","599442e6bf8bcf0001ab6857","","2","3","2","3","2","3","3","4","3","3","2","3","4","3","3","3","3","2","To choose between shapes","","Yes","Right handed","26","","","","","","","","","","","","","","",""
"1274.300000011921","stim/5.png,stim/10.png","","cta-radio","89","299294","0.0-14.24-0.24-1.24","First_First","Female","599442e6bf8bcf0001ab6857","","2","3","2","3","2","3","3","4","3","3","2","3","4","3","3","3","3","2","To choose between shapes","","Yes","Right handed","26","","","trial","","","stim/10.png","1010","313","1734513322537","305370.8000000119","observable","24","stim/5.png","stim/10.png",""
"null","<font size=""+3"">Please start moving the cursor sooner, even if you are not yet fully certain of your decision.</font>","","html-keyboard-response","90","303406","0.0-14.24-0.24-2.24","First_First","Female","599442e6bf8bcf0001ab6857","","2","3","2","3","2","3","3","4","3","3","2","3","4","3","3","3","3","2","To choose between shapes","","Yes","Right handed","26","","","fixationMouse","","","","","","","","","","","","null"
"1169","","0","html-button-response","91","305081","0.0-14.24-0.24-3.24","First_First","Female","599442e6bf8bcf0001ab6857","","2","3","2","3","2","3","3","4","3","3","2","3","4","3","3","3","3","2","To choose between shapes","","Yes","Right handed","26","","","","","","","","","","","","","","",""
"185.2999999821186","stim/7.png,stim/3.png","","cta-radio","92","305269","0.0-14.25-0.25-1.25","First_First","Female","599442e6bf8bcf0001ab6857","","2","3","2","3","2","3","3","4","3","3","2","3","4","3","3","3","3","2","To choose between shapes","","Yes","Right handed","26","","","trial","","","stim/3.png","977","293","1734513328513","311346.3000000119","observable","25","stim/7.png","stim/3.png",""
"null","","","html-keyboard-response","93","305371","0.0-14.25-0.25-2.25","First_First","Female","599442e6bf8bcf0001ab6857","","2","3","2","3","2","3","3","4","3","3","2","3","4","3","3","3","3","2","To choose between shapes","","Yes","Right handed","26","","","fixationMouse","","","","","","","","","","","","null"
"879","","0","html-button-response","94","306753","0.0-14.25-0.25-3.25","First_First","Female","599442e6bf8bcf0001ab6857","","2","3","2","3","2","3","3","4","3","3","2","3","4","3","3","3","3","2","To choose between shapes","","Yes","Right handed","26","","","","","","","","","","","","","","",""
"278","stim/8.png,stim/12.png","","cta-radio","95","307034","0.0-14.26-0.26-1.26","First_First","Female","599442e6bf8bcf0001ab6857","","2","3","2","3","2","3","3","4","3","3","2","3","4","3","3","3","3","2","To choose between shapes","","Yes","Right handed","26","","","trial","","","stim/12.png","1001","303","1734513330259","313092.7000000179","observable","26","stim/8.png","stim/12.png",""
"null","","","html-keyboard-response","96","307135","0.0-14.26-0.26-2.26","First_First","Female","599442e6bf8bcf0001ab6857","","2","3","2","3","2","3","3","4","3","3","2","3","4","3","3","3","3","2","To choose between shapes","","Yes","Right handed","26","","","fixationMouse","","","","","","","","","","","","null"
"1029","","0","html-button-response","97","308667","0.0-14.26-0.26-3.26","First_First","Female","599442e6bf8bcf0001ab6857","","2","3","2","3","2","3","3","4","3","3","2","3","4","3","3","3","3","2","To choose between shapes","","Yes","Right handed","26","","","","","","","","","","","","","","",""
"329.80000001192093","stim/10.png,stim/9.png","","cta-radio","98","309002","0.0-14.27-0.27-1.27","First_First","Female","599442e6bf8bcf0001ab6857","","2","3","2","3","2","3","3","4","3","3","2","3","4","3","3","3","3","2","To choose between shapes","","Yes","Right handed","26","","","trial","","","stim/10.png","492","298","1734513332246","315079.2000000179","observable","27","stim/10.png","stim/9.png",""
"null","","","html-keyboard-response","99","309105","0.0-14.27-0.27-2.27","First_First","Female","599442e6bf8bcf0001ab6857","","2","3","2","3","2","3","3","4","3","3","2","3","4","3","3","3","3","2","To choose between shapes","","Yes","Right handed","26","","","fixationMouse","","","","","","","","","","","","null"
"671","","0","html-button-response","100","310278","0.0-14.27-0.27-3.27","First_First","Female","599442e6bf8bcf0001ab6857","","2","3","2","3","2","3","3","4","3","3","2","3","4","3","3","3","3","2","To choose between shapes","","Yes","Right handed","26","","","","","","","","","","","","","","",""
"317.19999998807907","stim/12.png,stim/7.png","","cta-radio","101","310598","0.0-14.28-0.28-1.28","First_First","Female","599442e6bf8bcf0001ab6857","","2","3","2","3","2","3","3","4","3","3","2","3","4","3","3","3","3","2","To choose between shapes","","Yes","Right handed","26","","","trial","","","stim/7.png","1014","294","1734513333839","316672.7000000179","observable","28","stim/12.png","stim/7.png",""
"null","","","html-keyboard-response","102","310701","0.0-14.28-0.28-2.28","First_First","Female","599442e6bf8bcf0001ab6857","","2","3","2","3","2","3","3","4","3","3","2","3","4","3","3","3","3","2","To choose between shapes","","Yes","Right handed","26","","","fixationMouse","","","","","","","","","","","","null"
"693","","0","html-button-response","103","311897","0.0-14.28-0.28-3.28","First_First","Female","599442e6bf8bcf0001ab6857","","2","3","2","3","2","3","3","4","3","3","2","3","4","3","3","3","3","2","To choose between shapes","","Yes","Right handed","26","","","","","","","","","","","","","","",""
"906","stim/2.png,stim/12.png","","cta-radio","104","312807","0.0-14.29-0.29-1.29","First_First","Female","599442e6bf8bcf0001ab6857","","2","3","2","3","2","3","3","4","3","3","2","3","4","3","3","3","3","2","To choose between shapes","","Yes","Right handed","26","","","trial","","","stim/12.png","1025","296","1734513336052","318885","observable","29","stim/2.png","stim/12.png",""
"null","<font size=""+3"">Please start moving the cursor sooner, even if you are not yet fully certain of your decision.</font>","","html-keyboard-response","105","316912","0.0-14.29-0.29-2.29","First_First","Female","599442e6bf8bcf0001ab6857","","2","3","2","3","2","3","3","4","3","3","2","3","4","3","3","3","3","2","To choose between shapes","","Yes","Right handed","26","","","fixationMouse","","","","","","","","","","","","null"
"763","","0","html-button-response","106","318180","0.0-14.29-0.29-3.29","First_First","Female","599442e6bf8bcf0001ab6857","","2","3","2","3","2","3","3","4","3","3","2","3","4","3","3","3","3","2","To choose between shapes","","Yes","Right handed","26","","","","","","","","","","","","","","",""
"290.10000002384186","stim/2.png,stim/4.png","","cta-radio","107","318475","0.0-14.30-0.30-1.30","First_First","Female","599442e6bf8bcf0001ab6857","","2","3","2","3","2","3","3","4","3","3","2","3","4","3","3","3","3","2","To choose between shapes","","Yes","Right handed","26","","","trial","","","stim/4.png","1018","248","1734513341717","324550.7000000179","observable","30","stim/2.png","stim/4.png",""
"null","","","html-keyboard-response","108","318579","0.0-14.30-0.30-2.30","First_First","Female","599442e6bf8bcf0001ab6857","","2","3","2","3","2","3","3","4","3","3","2","3","4","3","3","3","3","2","To choose between shapes","","Yes","Right handed","26","","","fixationMouse","","","","","","","","","","","","null"
"547","","0","html-button-response","109","319628","0.0-14.30-0.30-3.30","First_First","Female","599442e6bf8bcf0001ab6857","","2","3","2","3","2","3","3","4","3","3","2","3","4","3","3","3","3","2","To choose between shapes","","Yes","Right handed","26","","","","","","","","","","","","","","",""
"311.59999999403954","stim/4.png,stim/9.png","","cta-radio","110","319943","0.0-14.31-0.31-1.31","First_First","Female","599442e6bf8bcf0001ab6857","","2","3","2","3","2","3","3","4","3","3","2","3","4","3","3","3","3","2","To choose between shapes","","Yes","Right handed","26","","","trial","","","stim/9.png","1019","257","1734513343180","326013.8000000119","observable","31","stim/4.png","stim/9.png",""
"null","","","html-keyboard-response","111","320045","0.0-14.31-0.31-2.31","First_First","Female","599442e6bf8bcf0001ab6857","","2","3","2","3","2","3","3","4","3","3","2","3","4","3","3","3","3","2","To choose between shapes","","Yes","Right handed","26","","","fixationMouse","","","","","","","","","","","","null"
"822","","0","html-button-response","112","321370","0.0-14.31-0.31-3.31","First_First","Female","599442e6bf8bcf0001ab6857","","2","3","2","3","2","3","3","4","3","3","2","3","4","3","3","3","3","2","To choose between shapes","","Yes","Right handed","26","","","","","","","","","","","","","","",""
"324.40000000596046","stim/9.png,stim/11.png","","cta-radio","113","321700","0.0-14.32-0.32-1.32","First_First","Female","599442e6bf8bcf0001ab6857","","2","3","2","3","2","3","3","4","3","3","2","3","4","3","3","3","3","2","To choose between shapes","","Yes","Right handed","26","","","trial","","","stim/9.png","412","292","1734513344942","327775.3000000119","observable","32","stim/9.png","stim/11.png",""
"null","","","html-keyboard-response","114","321804","0.0-14.32-0.32-2.32","First_First","Female","599442e6bf8bcf0001ab6857","","2","3","2","3","2","3","3","4","3","3","2","3","4","3","3","3","3","2","To choose between shapes","","Yes","Right handed","26","","","fixationMouse","","","","","","","","","","","","null"
"611","","0","html-button-response","115","322919","0.0-14.32-0.32-3.32","First_First","Female","599442e6bf8bcf0001ab6857","","2","3","2","3","2","3","3","4","3","3","2","3","4","3","3","3","3","2","To choose between shapes","","Yes","Right handed","26","","","","","","","","","","","","","","",""
"316.19999998807907","stim/2.png,stim/9.png","","cta-radio","116","323239","0.0-14.33-0.33-1.33","First_First","Female","599442e6bf8bcf0001ab6857","","2","3","2","3","2","3","3","4","3","3","2","3","4","3","3","3","3","2","To choose between shapes","","Yes","Right handed","26","","","trial","","","stim/2.png","416","297","1734513346483","329316.5","observable","33","stim/2.png","stim/9.png",""
"null","","","html-keyboard-response","117","323341","0.0-14.33-0.33-2.33","First_First","Female","599442e6bf8bcf0001ab6857","","2","3","2","3","2","3","3","4","3","3","2","3","4","3","3","3","3","2","To choose between shapes","","Yes","Right handed","26","","","fixationMouse","","","","","","","","","","","","null"
"536","","0","html-button-response","118","324385","0.0-14.33-0.33-3.33","First_First","Female","599442e6bf8bcf0001ab6857","","2","3","2","3","2","3","3","4","3","3","2","3","4","3","3","3","3","2","To choose between shapes","","Yes","Right handed","26","","","","","","","","","","","","","","",""
"328.19999998807907","stim/6.png,stim/7.png","","cta-radio","119","324717","0.0-14.34-0.34-1.34","First_First","Female","599442e6bf8bcf0001ab6857","","2","3","2","3","2","3","3","4","3","3","2","3","4","3","3","3","3","2","To choose between shapes","","Yes","Right handed","26","","","trial","","","stim/7.png","1029","274","1734513347961","330794.40000000596","observable","34","stim/6.png","stim/7.png",""
"null","","","html-keyboard-response","120","324819","0.0-14.34-0.34-2.34","First_First","Female","599442e6bf8bcf0001ab6857","","2","3","2","3","2","3","3","4","3","3","2","3","4","3","3","3","3","2","To choose between shapes","","Yes","Right handed","26","","","fixationMouse","","","","","","","","","","","","null"
"658","","0","html-button-response","121","325981","0.0-14.34-0.34-3.34","First_First","Female","599442e6bf8bcf0001ab6857","","2","3","2","3","2","3","3","4","3","3","2","3","4","3","3","3","3","2","To choose between shapes","","Yes","Right handed","26","","","","","","","","","","","","","","",""
"265.09999999403954","stim/4.png,stim/8.png","","cta-radio","122","326249","0.0-14.35-0.35-1.35","First_First","Female","599442e6bf8bcf0001ab6857","","2","3","2","3","2","3","3","4","3","3","2","3","4","3","3","3","3","2","To choose between shapes","","Yes","Right handed","26","","","trial","","","stim/8.png","1017","288","1734513349489","332322.5","observable","35","stim/4.png","stim/8.png",""
"null","","","html-keyboard-response","123","326351","0.0-14.35-0.35-2.35","First_First","Female","599442e6bf8bcf0001ab6857","","2","3","2","3","2","3","3","4","3","3","2","3","4","3","3","3","3","2","To choose between shapes","","Yes","Right handed","26","","","fixationMouse","","","","","","","","","","","","null"
"897","","0","html-button-response","124","327752","0.0-14.35-0.35-3.35","First_First","Female","599442e6bf8bcf0001ab6857","","2","3","2","3","2","3","3","4","3","3","2","3","4","3","3","3","3","2","To choose between shapes","","Yes","Right handed","26","","","","","","","","","","","","","","",""
"232.5","stim/7.png,stim/1.png","","cta-radio","125","327987","0.0-14.36-0.36-1.36","First_First","Female","599442e6bf8bcf0001ab6857","","2","3","2","3","2","3","3","4","3","3","2","3","4","3","3","3","3","2","To choose between shapes","","Yes","Right handed","26","","","trial","","","stim/1.png","1025","284","1734513351228","334061.09999999404","observable","36","stim/7.png","stim/1.png",""
"null","","","html-keyboard-response","126","328089","0.0-14.36-0.36-2.36","First_First","Female","599442e6bf8bcf0001ab6857","","2","3","2","3","2","3","3","4","3","3","2","3","4","3","3","3","3","2","To choose between shapes","","Yes","Right handed","26","","","fixationMouse","","","","","","","","","","","","null"
"635","","0","html-button-response","127","329226","0.0-14.36-0.36-3.36","First_First","Female","599442e6bf8bcf0001ab6857","","2","3","2","3","2","3","3","4","3","3","2","3","4","3","3","3","3","2","To choose between shapes","","Yes","Right handed","26","","","","","","","","","","","","","","",""
"342.5","stim/10.png,stim/12.png","","cta-radio","128","329572","0.0-14.37-0.37-1.37","First_First","Female","599442e6bf8bcf0001ab6857","","2","3","2","3","2","3","3","4","3","3","2","3","4","3","3","3","3","2","To choose between shapes","","Yes","Right handed","26","","","trial","","","stim/10.png","445","288","1734513352814","335647","observable","37","stim/10.png","stim/12.png",""
"null","","","html-keyboard-response","129","329675","0.0-14.37-0.37-2.37","First_First","Female","599442e6bf8bcf0001ab6857","","2","3","2","3","2","3","3","4","3","3","2","3","4","3","3","3","3","2","To choose between shapes","","Yes","Right handed","26","","","fixationMouse","","","","","","","","","","","","null"
"546","","0","html-button-response","130","330725","0.0-14.37-0.37-3.37","First_First","Female","599442e6bf8bcf0001ab6857","","2","3","2","3","2","3","3","4","3","3","2","3","4","3","3","3","3","2","To choose between shapes","","Yes","Right handed","26","","","","","","","","","","","","","","",""
"205.5","stim/9.png,stim/6.png","","cta-radio","131","330934","0.0-14.38-0.38-1.38","First_First","Female","599442e6bf8bcf0001ab6857","","2","3","2","3","2","3","3","4","3","3","2","3","4","3","3","3","3","2","To choose between shapes","","Yes","Right handed","26","","","trial","","","stim/6.png","1009","294","1734513354177","337010.2000000179","observable","38","stim/9.png","stim/6.png",""
"null","","","html-keyboard-response","132","331037","0.0-14.38-0.38-2.38","First_First","Female","599442e6bf8bcf0001ab6857","","2","3","2","3","2","3","3","4","3","3","2","3","4","3","3","3","3","2","To choose between shapes","","Yes","Right handed","26","","","fixationMouse","","","","","","","","","","","","null"
"923","","0","html-button-response","133","332463","0.0-14.38-0.38-3.38","First_First","Female","599442e6bf8bcf0001ab6857","","2","3","2","3","2","3","3","4","3","3","2","3","4","3","3","3","3","2","To choose between shapes","","Yes","Right handed","26","","","","","","","","","","","","","","",""
"778.3000000119209","stim/12.png,stim/3.png","","cta-radio","134","333244","0.0-14.39-0.39-1.39","First_First","Female","599442e6bf8bcf0001ab6857","","2","3","2","3","2","3","3","4","3","3","2","3","4","3","3","3","3","2","To choose between shapes","","Yes","Right handed","26","","","trial","","","stim/12.png","460","332","1734513356486","339319.3000000119","observable","39","stim/12.png","stim/3.png",""
"null","<font size=""+3"">Please start moving the cursor sooner, even if you are not yet fully certain of your decision.</font>","","html-keyboard-response","135","337350","0.0-14.39-0.39-2.39","First_First","Female","599442e6bf8bcf0001ab6857","","2","3","2","3","2","3","3","4","3","3","2","3","4","3","3","3","3","2","To choose between shapes","","Yes","Right handed","26","","","fixationMouse","","","","","","","","","","","","null"
"685","","0","html-button-response","136","338541","0.0-14.39-0.39-3.39","First_First","Female","599442e6bf8bcf0001ab6857","","2","3","2","3","2","3","3","4","3","3","2","3","4","3","3","3","3","2","To choose between shapes","","Yes","Right handed","26","","","","","","","","","","","","","","",""
"292.5","stim/7.png,stim/11.png","","cta-radio","137","338835","0.0-14.40-0.40-1.40","First_First","Female","599442e6bf8bcf0001ab6857","","2","3","2","3","2","3","3","4","3","3","2","3","4","3","3","3","3","2","To choose between shapes","","Yes","Right handed","26","","","trial","","","stim/7.png","391","250","1734513362077","344910.09999999404","observable","40","stim/7.png","stim/11.png",""
"null","","","html-keyboard-response","138","338938","0.0-14.40-0.40-2.40","First_First","Female","599442e6bf8bcf0001ab6857","","2","3","2","3","2","3","3","4","3","3","2","3","4","3","3","3","3","2","To choose between shapes","","Yes","Right handed","26","","","fixationMouse","","","","","","","","","","","","null"
"593","","0","html-button-response","139","340042","0.0-14.40-0.40-3.40","First_First","Female","599442e6bf8bcf0001ab6857","","2","3","2","3","2","3","3","4","3","3","2","3","4","3","3","3","3","2","To choose between shapes","","Yes","Right handed","26","","","","","","","","","","","","","","",""
"334.09999999403954","stim/1.png,stim/8.png","","cta-radio","140","340380","0.0-14.41-0.41-1.41","First_First","Female","599442e6bf8bcf0001ab6857","","2","3","2","3","2","3","3","4","3","3","2","3","4","3","3","3","3","2","To choose between shapes","","Yes","Right handed","26","","","trial","","","stim/1.png","400","255","1734513363614","346447.5","observable","41","stim/1.png","stim/8.png",""
"null","","","html-keyboard-response","141","340483","0.0-14.41-0.41-2.41","First_First","Female","599442e6bf8bcf0001ab6857","","2","3","2","3","2","3","3","4","3","3","2","3","4","3","3","3","3","2","To choose between shapes","","Yes","Right handed","26","","","fixationMouse","","","","","","","","","","","","null"
"480","","0","html-button-response","142","341467","0.0-14.41-0.41-3.41","First_First","Female","599442e6bf8bcf0001ab6857","","2","3","2","3","2","3","3","4","3","3","2","3","4","3","3","3","3","2","To choose between shapes","","Yes","Right handed","26","","","","","","","","","","","","","","",""
"333.80000001192093","stim/5.png,stim/9.png","","cta-radio","143","341805","0.0-14.42-0.42-1.42","First_First","Female","599442e6bf8bcf0001ab6857","","2","3","2","3","2","3","3","4","3","3","2","3","4","3","3","3","3","2","To choose between shapes","","Yes","Right handed","26","","","trial","","","stim/9.png","1008","250","1734513365049","347882.2000000179","observable","42","stim/5.png","stim/9.png",""
"null","","","html-keyboard-response","144","341909","0.0-14.42-0.42-2.42","First_First","Female","599442e6bf8bcf0001ab6857","","2","3","2","3","2","3","3","4","3","3","2","3","4","3","3","3","3","2","To choose between shapes","","Yes","Right handed","26","","","fixationMouse","","","","","","","","","","","","null"
"505","","0","html-button-response","145","342921","0.0-14.42-0.42-3.42","First_First","Female","599442e6bf8bcf0001ab6857","","2","3","2","3","2","3","3","4","3","3","2","3","4","3","3","3","3","2","To choose between shapes","","Yes","Right handed","26","","","","","","","","","","","","","","",""
"299.90000000596046","stim/1.png,stim/12.png","","cta-radio","146","343224","0.0-14.43-0.43-1.43","First_First","Female","599442e6bf8bcf0001ab6857","","2","3","2","3","2","3","3","4","3","3","2","3","4","3","3","3","3","2","To choose between shapes","","Yes","Right handed","26","","","trial","","","stim/1.png","398","259","1734513366469","349302.59999999404","observable","43","stim/1.png","stim/12.png",""
"null","","","html-keyboard-response","147","343328","0.0-14.43-0.43-2.43","First_First","Female","599442e6bf8bcf0001ab6857","","2","3","2","3","2","3","3","4","3","3","2","3","4","3","3","3","3","2","To choose between shapes","","Yes","Right handed","26","","","fixationMouse","","","","","","","","","","","","null"
"551","","0","html-button-response","148","344382","0.0-14.43-0.43-3.43","First_First","Female","599442e6bf8bcf0001ab6857","","2","3","2","3","2","3","3","4","3","3","2","3","4","3","3","3","3","2","To choose between shapes","","Yes","Right handed","26","","","","","","","","","","","","","","",""
"358.69999998807907","stim/10.png,stim/8.png","","cta-radio","149","344745","0.0-14.44-0.44-1.44","First_First","Female","599442e6bf8bcf0001ab6857","","2","3","2","3","2","3","3","4","3","3","2","3","4","3","3","3","3","2","To choose between shapes","","Yes","Right handed","26","","","trial","","","stim/10.png","398","266","1734513367986","350819.09999999404","observable","44","stim/10.png","stim/8.png",""
"null","","","html-keyboard-response","150","344849","0.0-14.44-0.44-2.44","First_First","Female","599442e6bf8bcf0001ab6857","","2","3","2","3","2","3","3","4","3","3","2","3","4","3","3","3","3","2","To choose between shapes","","Yes","Right handed","26","","","fixationMouse","","","","","","","","","","","","null"
"469","","0","html-button-response","151","345823","0.0-14.44-0.44-3.44","First_First","Female","599442e6bf8bcf0001ab6857","","2","3","2","3","2","3","3","4","3","3","2","3","4","3","3","3","3","2","To choose between shapes","","Yes","Right handed","26","","","","","","","","","","","","","","",""
"363.59999999403954","stim/6.png,stim/11.png","","cta-radio","152","346189","0.0-14.45-0.45-1.45","First_First","Female","599442e6bf8bcf0001ab6857","","2","3","2","3","2","3","3","4","3","3","2","3","4","3","3","3","3","2","To choose between shapes","","Yes","Right handed","26","","","trial","","","stim/6.png","396","273","1734513369434","352267.2000000179","observable","45","stim/6.png","stim/11.png",""
"null","","","html-keyboard-response","153","346292","0.0-14.45-0.45-2.45","First_First","Female","599442e6bf8bcf0001ab6857","","2","3","2","3","2","3","3","4","3","3","2","3","4","3","3","3","3","2","To choose between shapes","","Yes","Right handed","26","","","fixationMouse","","","","","","","","","","","","null"
"421","","0","html-button-response","154","347217","0.0-14.45-0.45-3.45","First_First","Female","599442e6bf8bcf0001ab6857","","2","3","2","3","2","3","3","4","3","3","2","3","4","3","3","3","3","2","To choose between shapes","","Yes","Right handed","26","","","","","","","","","","","","","","",""
"352.5","stim/4.png,stim/7.png","","cta-radio","155","347573","0.0-14.46-0.46-1.46","First_First","Female","599442e6bf8bcf0001ab6857","","2","3","2","3","2","3","3","4","3","3","2","3","4","3","3","3","3","2","To choose between shapes","","Yes","Right handed","26","","","trial","","","stim/7.png","1024","261","1734513370808","353641.09999999404","observable","46","stim/4.png","stim/7.png",""
"null","","","html-keyboard-response","156","347675","0.0-14.46-0.46-2.46","First_First","Female","599442e6bf8bcf0001ab6857","","2","3","2","3","2","3","3","4","3","3","2","3","4","3","3","3","3","2","To choose between shapes","","Yes","Right handed","26","","","fixationMouse","","","","","","","","","","","","null"
"410","","0","html-button-response","157","348595","0.0-14.46-0.46-3.46","First_First","Female","599442e6bf8bcf0001ab6857","","2","3","2","3","2","3","3","4","3","3","2","3","4","3","3","3","3","2","To choose between shapes","","Yes","Right handed","26","","","","","","","","","","","","","","",""
"327.5","stim/3.png,stim/10.png","","cta-radio","158","348926","0.0-14.47-0.47-1.47","First_First","Female","599442e6bf8bcf0001ab6857","","2","3","2","3","2","3","3","4","3","3","2","3","4","3","3","3","3","2","To choose between shapes","","Yes","Right handed","26","","","trial","","","stim/3.png","394","287","1734513372170","355003.7000000179","observable","47","stim/3.png","stim/10.png",""
"null","","","html-keyboard-response","159","349028","0.0-14.47-0.47-2.47","First_First","Female","599442e6bf8bcf0001ab6857","","2","3","2","3","2","3","3","4","3","3","2","3","4","3","3","3","3","2","To choose between shapes","","Yes","Right handed","26","","","fixationMouse","","","","","","","","","","","","null"
"554","","0","html-button-response","160","350090","0.0-14.47-0.47-3.47","First_First","Female","599442e6bf8bcf0001ab6857","","2","3","2","3","2","3","3","4","3","3","2","3","4","3","3","3","3","2","To choose between shapes","","Yes","Right handed","26","","","","","","","","","","","","","","",""
"317.7999999821186","stim/5.png,stim/6.png","","cta-radio","161","350413","0.0-14.48-0.48-1.48","First_First","Female","599442e6bf8bcf0001ab6857","","2","3","2","3","2","3","3","4","3","3","2","3","4","3","3","3","3","2","To choose between shapes","","Yes","Right handed","26","","","trial","","","stim/6.png","973","309","1734513373658","356491.2000000179","observable","48","stim/5.png","stim/6.png",""
"null","","","html-keyboard-response","162","350515","0.0-14.48-0.48-2.48","First_First","Female","599442e6bf8bcf0001ab6857","","2","3","2","3","2","3","3","4","3","3","2","3","4","3","3","3","3","2","To choose between shapes","","Yes","Right handed","26","","","fixationMouse","","","","","","","","","","","","null"
"484","","0","html-button-response","163","351509","0.0-14.48-0.48-3.48","First_First","Female","599442e6bf8bcf0001ab6857","","2","3","2","3","2","3","3","4","3","3","2","3","4","3","3","3","3","2","To choose between shapes","","Yes","Right handed","26","","","","","","","","","","","","","","",""
"343.30000001192093","stim/8.png,stim/6.png","","cta-radio","164","351856","0.0-14.49-0.49-1.49","First_First","Female","599442e6bf8bcf0001ab6857","","2","3","2","3","2","3","3","4","3","3","2","3","4","3","3","3","3","2","To choose between shapes","","Yes","Right handed","26","","","trial","","","stim/8.png","401","277","1734513375100","357933.7000000179","observable","49","stim/8.png","stim/6.png",""
"null","","","html-keyboard-response","165","351958","0.0-14.49-0.49-2.49","First_First","Female","599442e6bf8bcf0001ab6857","","2","3","2","3","2","3","3","4","3","3","2","3","4","3","3","3","3","2","To choose between shapes","","Yes","Right handed","26","","","fixationMouse","","","","","","","","","","","","null"
"482","","0","html-button-response","166","352944","0.0-14.49-0.49-3.49","First_First","Female","599442e6bf8bcf0001ab6857","","2","3","2","3","2","3","3","4","3","3","2","3","4","3","3","3","3","2","To choose between shapes","","Yes","Right handed","26","","","","","","","","","","","","","","",""
"351.09999999403954","stim/4.png,stim/3.png","","cta-radio","167","353297","0.0-14.50-0.50-1.50","First_First","Female","599442e6bf8bcf0001ab6857","","2","3","2","3","2","3","3","4","3","3","2","3","4","3","3","3","3","2","To choose between shapes","","Yes","Right handed","26","","","trial","","","stim/4.png","382","286","1734513376538","359371.5","observable","50","stim/4.png","stim/3.png",""
"null","","","html-keyboard-response","168","353399","0.0-14.50-0.50-2.50","First_First","Female","599442e6bf8bcf0001ab6857","","2","3","2","3","2","3","3","4","3","3","2","3","4","3","3","3","3","2","To choose between shapes","","Yes","Right handed","26","","","fixationMouse","","","","","","","","","","","","null"
"468","","0","html-button-response","169","354377","0.0-14.50-0.50-3.50","First_First","Female","599442e6bf8bcf0001ab6857","","2","3","2","3","2","3","3","4","3","3","2","3","4","3","3","3","3","2","To choose between shapes","","Yes","Right handed","26","","","","","","","","","","","","","","",""
"331.5","stim/3.png,stim/2.png","","cta-radio","170","354712","0.0-14.51-0.51-1.51","First_First","Female","599442e6bf8bcf0001ab6857","","2","3","2","3","2","3","3","4","3","3","2","3","4","3","3","3","3","2","To choose between shapes","","Yes","Right handed","26","","","trial","","","stim/2.png","955","329","1734513377942","360775.2000000179","observable","51","stim/3.png","stim/2.png",""
"null","","","html-keyboard-response","171","354814","0.0-14.51-0.51-2.51","First_First","Female","599442e6bf8bcf0001ab6857","","2","3","2","3","2","3","3","4","3","3","2","3","4","3","3","3","3","2","To choose between shapes","","Yes","Right handed","26","","","fixationMouse","","","","","","","","","","","","null"
"413","","0","html-button-response","172","355731","0.0-14.51-0.51-3.51","First_First","Female","599442e6bf8bcf0001ab6857","","2","3","2","3","2","3","3","4","3","3","2","3","4","3","3","3","3","2","To choose between shapes","","Yes","Right handed","26","","","","","","","","","","","","","","",""
"361.40000000596046","stim/2.png,stim/6.png","","cta-radio","173","356096","0.0-14.52-0.52-1.52","First_First","Female","599442e6bf8bcf0001ab6857","","2","3","2","3","2","3","3","4","3","3","2","3","4","3","3","3","3","2","To choose between shapes","","Yes","Right handed","26","","","trial","","","stim/2.png","409","258","1734513379339","362172.3000000119","observable","52","stim/2.png","stim/6.png",""
"null","","","html-keyboard-response","174","356197","0.0-14.52-0.52-2.52","First_First","Female","599442e6bf8bcf0001ab6857","","2","3","2","3","2","3","3","4","3","3","2","3","4","3","3","3","3","2","To choose between shapes","","Yes","Right handed","26","","","fixationMouse","","","","","","","","","","","","null"
"438","","0","html-button-response","175","357139","0.0-14.52-0.52-3.52","First_First","Female","599442e6bf8bcf0001ab6857","","2","3","2","3","2","3","3","4","3","3","2","3","4","3","3","3","3","2","To choose between shapes","","Yes","Right handed","26","","","","","","","","","","","","","","",""
"1562.800000011921","stim/6.png,stim/1.png","","cta-radio","176","358705","0.0-14.53-0.53-1.53","First_First","Female","599442e6bf8bcf0001ab6857","","2","3","2","3","2","3","3","4","3","3","2","3","4","3","3","3","3","2","To choose between shapes","","Yes","Right handed","26","","","trial","","","stim/6.png","924,402","365,320","1734513380675,1734513381948","363508.7000000179","observable","53","stim/6.png","stim/1.png",""
"null","","","html-keyboard-response","177","358810","0.0-14.53-0.53-2.53","First_First","Female","599442e6bf8bcf0001ab6857","","2","3","2","3","2","3","3","4","3","3","2","3","4","3","3","3","3","2","To choose between shapes","","Yes","Right handed","26","","","fixationMouse","","","","","","","","","","","","null"
"519","","0","html-button-response","178","359834","0.0-14.53-0.53-3.53","First_First","Female","599442e6bf8bcf0001ab6857","","2","3","2","3","2","3","3","4","3","3","2","3","4","3","3","3","3","2","To choose between shapes","","Yes","Right handed","26","","","","","","","","","","","","","","",""
"372.09999999403954","stim/4.png,stim/1.png","","cta-radio","179","360210","0.0-14.54-0.54-1.54","First_First","Female","599442e6bf8bcf0001ab6857","","2","3","2","3","2","3","3","4","3","3","2","3","4","3","3","3","3","2","To choose between shapes","","Yes","Right handed","26","","","trial","","","stim/4.png","402","249","1734513383453","366286.40000000596","observable","54","stim/4.png","stim/1.png",""
"null","","","html-keyboard-response","180","360314","0.0-14.54-0.54-2.54","First_First","Female","599442e6bf8bcf0001ab6857","","2","3","2","3","2","3","3","4","3","3","2","3","4","3","3","3","3","2","To choose between shapes","","Yes","Right handed","26","","","fixationMouse","","","","","","","","","","","","null"
"493","","0","html-button-response","181","361310","0.0-14.54-0.54-3.54","First_First","Female","599442e6bf8bcf0001ab6857","","2","3","2","3","2","3","3","4","3","3","2","3","4","3","3","3","3","2","To choose between shapes","","Yes","Right handed","26","","","","","","","","","","","","","","",""
"608.3999999761581","stim/12.png,stim/11.png","","cta-radio","182","361922","0.0-14.55-0.55-1.55","First_First","Female","599442e6bf8bcf0001ab6857","","2","3","2","3","2","3","3","4","3","3","2","3","4","3","3","3","3","2","To choose between shapes","","Yes","Right handed","26","","","trial","","","stim/11.png","1025","284","1734513385166","367999.8000000119","observable","55","stim/12.png","stim/11.png",""
"null","","","html-keyboard-response","183","362024","0.0-14.55-0.55-2.55","First_First","Female","599442e6bf8bcf0001ab6857","","2","3","2","3","2","3","3","4","3","3","2","3","4","3","3","3","3","2","To choose between shapes","","Yes","Right handed","26","","","fixationMouse","","","","","","","","","","","","null"
"541","","0","html-button-response","184","363068","0.0-14.55-0.55-3.55","First_First","Female","599442e6bf8bcf0001ab6857","","2","3","2","3","2","3","3","4","3","3","2","3","4","3","3","3","3","2","To choose between shapes","","Yes","Right handed","26","","","","","","","","","","","","","","",""
"392.90000000596046","stim/2.png,stim/1.png","","cta-radio","185","363466","0.0-14.56-0.56-1.56","First_First","Female","599442e6bf8bcf0001ab6857","","2","3","2","3","2","3","3","4","3","3","2","3","4","3","3","3","3","2","To choose between shapes","","Yes","Right handed","26","","","trial","","","stim/1.png","1026","278","1734513386710","369543.09999999404","observable","56","stim/2.png","stim/1.png",""
"null","","","html-keyboard-response","186","363570","0.0-14.56-0.56-2.56","First_First","Female","599442e6bf8bcf0001ab6857","","2","3","2","3","2","3","3","4","3","3","2","3","4","3","3","3","3","2","To choose between shapes","","Yes","Right handed","26","","","fixationMouse","","","","","","","","","","","","null"
"425","","0","html-button-response","187","364505","0.0-14.56-0.56-3.56","First_First","Female","599442e6bf8bcf0001ab6857","","2","3","2","3","2","3","3","4","3","3","2","3","4","3","3","3","3","2","To choose between shapes","","Yes","Right handed","26","","","","","","","","","","","","","","",""
"375.2999999821186","stim/3.png,stim/11.png","","cta-radio","188","364884","0.0-14.57-0.57-1.57","First_First","Female","599442e6bf8bcf0001ab6857","","2","3","2","3","2","3","3","4","3","3","2","3","4","3","3","3","3","2","To choose between shapes","","Yes","Right handed","26","","","trial","","","stim/3.png","390","235","1734513388126","370959.40000000596","observable","57","stim/3.png","stim/11.png",""
"null","","","html-keyboard-response","189","364986","0.0-14.57-0.57-2.57","First_First","Female","599442e6bf8bcf0001ab6857","","2","3","2","3","2","3","3","4","3","3","2","3","4","3","3","3","3","2","To choose between shapes","","Yes","Right handed","26","","","fixationMouse","","","","","","","","","","","","null"
"440","","0","html-button-response","190","365930","0.0-14.57-0.57-3.57","First_First","Female","599442e6bf8bcf0001ab6857","","2","3","2","3","2","3","3","4","3","3","2","3","4","3","3","3","3","2","To choose between shapes","","Yes","Right handed","26","","","","","","","","","","","","","","",""
"1251.2999999821186","stim/1.png,stim/3.png","","cta-radio","191","367184","0.0-14.58-0.58-1.58","First_First","Female","599442e6bf8bcf0001ab6857","","2","3","2","3","2","3","3","4","3","3","2","3","4","3","3","3","3","2","To choose between shapes","","Yes","Right handed","26","","","trial","","","stim/3.png","1041","287","1734513390406","373238.90000000596","observable","58","stim/1.png","stim/3.png",""
"null","<font size=""+3"">Please start moving the cursor sooner, even if you are not yet fully certain of your decision.</font>","","html-keyboard-response","192","371287","0.0-14.58-0.58-2.58","First_First","Female","599442e6bf8bcf0001ab6857","","2","3","2","3","2","3","3","4","3","3","2","3","4","3","3","3","3","2","To choose between shapes","","Yes","Right handed","26","","","fixationMouse","","","","","","","","","","","","null"
"950","","0","html-button-response","193","372740","0.0-14.58-0.58-3.58","First_First","Female","599442e6bf8bcf0001ab6857","","2","3","2","3","2","3","3","4","3","3","2","3","4","3","3","3","3","2","To choose between shapes","","Yes","Right handed","26","","","","","","","","","","","","","","",""
"300.09999999403954","stim/11.png,stim/4.png","","cta-radio","194","373043","0.0-14.59-0.59-1.59","First_First","Female","599442e6bf8bcf0001ab6857","","2","3","2","3","2","3","3","4","3","3","2","3","4","3","3","3","3","2","To choose between shapes","","Yes","Right handed","26","","","trial","","","stim/4.png","1033","251","1734513396286","379119.59999999404","observable","59","stim/11.png","stim/4.png",""
"null","","","html-keyboard-response","195","373146","0.0-14.59-0.59-2.59","First_First","Female","599442e6bf8bcf0001ab6857","","2","3","2","3","2","3","3","4","3","3","2","3","4","3","3","3","3","2","To choose between shapes","","Yes","Right handed","26","","","fixationMouse","","","","","","","","","","","","null"
"444","","0","html-button-response","196","374096","0.0-14.59-0.59-3.59","First_First","Female","599442e6bf8bcf0001ab6857","","2","3","2","3","2","3","3","4","3","3","2","3","4","3","3","3","3","2","To choose between shapes","","Yes","Right handed","26","","","","","","","","","","","","","","",""
"176.5","stim/12.png,stim/5.png","","cta-radio","197","374275","0.0-14.60-0.60-1.60","First_First","Female","599442e6bf8bcf0001ab6857","","2","3","2","3","2","3","3","4","3","3","2","3","4","3","3","3","3","2","To choose between shapes","","Yes","Right handed","26","","","trial","","","stim/5.png","1023","263","1734513397519","380351.90000000596","observable","60","stim/12.png","stim/5.png",""
"null","","","html-keyboard-response","198","374377","0.0-14.60-0.60-2.60","First_First","Female","599442e6bf8bcf0001ab6857","","2","3","2","3","2","3","3","4","3","3","2","3","4","3","3","3","3","2","To choose between shapes","","Yes","Right handed","26","","","fixationMouse","","","","","","","","","","","","null"
"561","","0","html-button-response","199","375446","0.0-14.60-0.60-3.60","First_First","Female","599442e6bf8bcf0001ab6857","","2","3","2","3","2","3","3","4","3","3","2","3","4","3","3","3","3","2","To choose between shapes","","Yes","Right handed","26","","","","","","","","","","","","","","",""
"301","stim/10.png,stim/2.png","","cta-radio","200","375751","0.0-14.61-0.61-1.61","First_First","Female","599442e6bf8bcf0001ab6857","","2","3","2","3","2","3","3","4","3","3","2","3","4","3","3","3","3","2","To choose between shapes","","Yes","Right handed","26","","","trial","","","stim/10.png","425","264","1734513398994","381827.09999999404","observable","61","stim/10.png","stim/2.png",""
"null","","","html-keyboard-response","201","375853","0.0-14.61-0.61-2.61","First_First","Female","599442e6bf8bcf0001ab6857","","2","3","2","3","2","3","3","4","3","3","2","3","4","3","3","3","3","2","To choose between shapes","","Yes","Right handed","26","","","fixationMouse","","","","","","","","","","","","null"
"482","","0","html-button-response","202","376837","0.0-14.61-0.61-3.61","First_First","Female","599442e6bf8bcf0001ab6857","","2","3","2","3","2","3","3","4","3","3","2","3","4","3","3","3","3","2","To choose between shapes","","Yes","Right handed","26","","","","","","","","","","","","","","",""
"218.09999999403954","stim/8.png,stim/9.png","","cta-radio","203","377059","0.0-14.62-0.62-1.62","First_First","Female","599442e6bf8bcf0001ab6857","","2","3","2","3","2","3","3","4","3","3","2","3","4","3","3","3","3","2","To choose between shapes","","Yes","Right handed","26","","","trial","","","stim/9.png","1036","266","1734513400301","383134.40000000596","observable","62","stim/8.png","stim/9.png",""
"null","","","html-keyboard-response","204","377161","0.0-14.62-0.62-2.62","First_First","Female","599442e6bf8bcf0001ab6857","","2","3","2","3","2","3","3","4","3","3","2","3","4","3","3","3","3","2","To choose between shapes","","Yes","Right handed","26","","","fixationMouse","","","","","","","","","","","","null"
"465","","0","html-button-response","205","378129","0.0-14.62-0.62-3.62","First_First","Female","599442e6bf8bcf0001ab6857","","2","3","2","3","2","3","3","4","3","3","2","3","4","3","3","3","3","2","To choose between shapes","","Yes","Right handed","26","","","","","","","","","","","","","","",""
"304.7999999821186","stim/1.png,stim/11.png","","cta-radio","206","378437","0.0-14.63-0.63-1.63","First_First","Female","599442e6bf8bcf0001ab6857","","2","3","2","3","2","3","3","4","3","3","2","3","4","3","3","3","3","2","To choose between shapes","","Yes","Right handed","26","","","trial","","","stim/11.png","1033","269","1734513401670","384503.59999999404","observable","63","stim/1.png","stim/11.png",""
"null","","","html-keyboard-response","207","378539","0.0-14.63-0.63-2.63","First_First","Female","599442e6bf8bcf0001ab6857","","2","3","2","3","2","3","3","4","3","3","2","3","4","3","3","3","3","2","To choose between shapes","","Yes","Right handed","26","","","fixationMouse","","","","","","","","","","","","null"
"530","","0","html-button-response","208","379575","0.0-14.63-0.63-3.63","First_First","Female","599442e6bf8bcf0001ab6857","","2","3","2","3","2","3","3","4","3","3","2","3","4","3","3","3","3","2","To choose between shapes","","Yes","Right handed","26","","","","","","","","","","","","","","",""
"342.5","stim/6.png,stim/10.png","","cta-radio","209","379922","0.0-14.64-0.64-1.64","First_First","Female","599442e6bf8bcf0001ab6857","","2","3","2","3","2","3","3","4","3","3","2","3","4","3","3","3","3","2","To choose between shapes","","Yes","Right handed","26","","","trial","","","stim/10.png","1045","261","1734513403163","385996.59999999404","observable","64","stim/6.png","stim/10.png",""
"null","","","html-keyboard-response","210","380024","0.0-14.64-0.64-2.64","First_First","Female","599442e6bf8bcf0001ab6857","","2","3","2","3","2","3","3","4","3","3","2","3","4","3","3","3","3","2","To choose between shapes","","Yes","Right handed","26","","","fixationMouse","","","","","","","","","","","","null"
"385","","0","html-button-response","211","380911","0.0-14.64-0.64-3.64","First_First","Female","599442e6bf8bcf0001ab6857","","2","3","2","3","2","3","3","4","3","3","2","3","4","3","3","3","3","2","To choose between shapes","","Yes","Right handed","26","","","","","","","","","","","","","","",""
"341.2000000178814","stim/5.png,stim/4.png","","cta-radio","212","381258","0.0-14.65-0.65-1.65","First_First","Female","599442e6bf8bcf0001ab6857","","2","3","2","3","2","3","3","4","3","3","2","3","4","3","3","3","3","2","To choose between shapes","","Yes","Right handed","26","","","trial","","","stim/5.png","412","270","1734513404501","387334.40000000596","observable","65","stim/5.png","stim/4.png",""
"null","","","html-keyboard-response","213","381362","0.0-14.65-0.65-2.65","First_First","Female","599442e6bf8bcf0001ab6857","","2","3","2","3","2","3","3","4","3","3","2","3","4","3","3","3","3","2","To choose between shapes","","Yes","Right handed","26","","","fixationMouse","","","","","","","","","","","","null"
"629","","0","html-button-response","214","382494","0.0-14.65-0.65-3.65","First_First","Female","599442e6bf8bcf0001ab6857","","2","3","2","3","2","3","3","4","3","3","2","3","4","3","3","3","3","2","To choose between shapes","","Yes","Right handed","26","","","","","","","","","","","","","","",""
"705376","Press the space bar to continue","","html-keyboard-response","215","1087872","0.0-15.0","First_First","Female","599442e6bf8bcf0001ab6857","","2","3","2","3","2","3","3","4","3","3","2","3","4","3","3","3","3","2","To choose between shapes","","Yes","Right handed","26","","","instructions","","","","","","","","","","","","32"
"14099","","","survey-multi-choice","216","1101986","0.0-16.0","First_First","Female","599442e6bf8bcf0001ab6857","","2","3","2","3","2","3","3","4","3","3","2","3","4","3","3","3","3","2","To choose between shapes","","Yes","Right handed","26","","{""Q0"":""To choose between shapes""}","attentionCheck1","","","","","","","","","","","",""
"36563","","","survey-multi-choice-text","217","1138601","0.0-17.0","First_First","Female","599442e6bf8bcf0001ab6857","","2","3","2","3","2","3","3","4","3","3","2","3","4","3","3","3","3","2","To choose between shapes","","Yes","Right handed","26","","{""Q0"":"""",""T0"":""Yes""}","attentionCheck2","","","","","","","","","","","",""
"2832","","","survey-multi-choice","218","1141464","0.0-18.0","First_First","Female","599442e6bf8bcf0001ab6857","","2","3","2","3","2","3","3","4","3","3","2","3","4","3","3","3","3","2","To choose between shapes","","Yes","Right handed","26","","{""Q0"":""Right handed""}","dominantHand","","","","","","","","","","","",""
"1737","","","survey-multi-choice","219","1143224","0.0-19.0","First_First","Female","599442e6bf8bcf0001ab6857","","2","3","2","3","2","3","3","4","3","3","2","3","4","3","3","3","3","2","To choose between shapes","","Yes","Right handed","26","","{""Q0"":""Female""}","gender","","","","","","","","","","","",""
"3702","","","survey-text","220","1146954","0.0-20.0","First_First","Female","599442e6bf8bcf0001ab6857","","2","3","2","3","2","3","3","4","3","3","2","3","4","3","3","3","3","2","To choose between shapes","","Yes","Right handed","26","","{""Q0"":""26""}","age","","","","","","","","","","","",""
"2338","","","survey-text","221","1149328","0.0-21.0","First_First","Female","599442e6bf8bcf0001ab6857","","2","3","2","3","2","3","3","4","3","3","2","3","4","3","3","3","3","2","To choose between shapes","","Yes","Right handed","26","","{""Q0"":""""}","comments","","","","","","","","","","","",""
"","","","send-data","222","1152442","0.0-22.0","First_First","Female","599442e6bf8bcf0001ab6857","","2","3","2","3","2","3","3","4","3","3","2","3","4","3","3","3","3","2","To choose between shapes","","Yes","Right handed","26","","","","","","","","","","","","","","",""
